{
  "produtos": [
    {
      "id": 1,
      "nome": "Batedeira",
      "img": "assets/images/eletros.jpg",
      "valor": 34000,
      "setor": "Eletro",
      "descricao": "Lorem ipsum dolor sit amet, consectetur adipiscing elit. Mauris vehicula neque sit amet bibendum ultrices. Integer quis efficitur ligula. Praesent sed nisl ac ante cursus pellentesque non et nulla."
    },
    {
      "id": 2,
      "nome": "Batedeira",
      "img": "assets/images/eletros.jpg",
      "valor": 30000,
      "setor": "Eletro",
      "descricao": "Lorem ipsum dolor sit amet, consectetur adipiscing elit. Mauris vehicula neque sit amet bibendum ultrices. Integer quis efficitur ligula. Praesent sed nisl ac ante cursus pellentesque non et nulla."
    },
    {
      "id": 3,
      "nome": "Liquidificador",
      "img": "assets/images/eletros.jpg",
      "valor": 0,
      "setor": "Eletro",
      "descricao": "Lorem ipsum dolor sit amet, consectetur adipiscing elit. Mauris vehicula neque sit amet bibendum ultrices. Integer quis efficitur ligula. Praesent sed nisl ac ante cursus pellentesque non et nulla."
    },
    {
      "id": 4,
      "nome": "AirFryer",
      "img": "assets/images/eletros.jpg",
      "valor": 90000,
      "setor": "Eletro",
      "descricao": "Lorem ipsum dolor sit amet, consectetur adipiscing elit. Mauris vehicula neque sit amet bibendum ultrices. Integer quis efficitur ligula. Praesent sed nisl ac ante cursus pellentesque non et nulla."
    },
    {
      "id": 5,
      "nome": "Home Theater",
      "img": "assets/images/eletros.jpg",
      "valor": 120000,
      "setor": "Eletro",
      "descricao": "Lorem ipsum dolor sit amet, consectetur adipiscing elit. Mauris vehicula neque sit amet bibendum ultrices. Integer quis efficitur ligula. Praesent sed nisl ac ante cursus pellentesque non et nulla."
    },
    {
      "id": 6,
      "nome": "Nintendo Switch",
      "img": "assets/images/consoles.png",
      "valor": 90000,
      "setor": "Games",
      "descricao": "Lorem ipsum dolor sit amet, consectetur adipiscing elit. Mauris vehicula neque sit amet bibendum ultrices. Integer quis efficitur ligula. Praesent sed nisl ac ante cursus pellentesque non et nulla."
    },
    {
      "id": 7,
      "nome": "Microondas",
      "img": "assets/images/eletros.jpg",
      "valor": 150000,
      "setor": "Eletro",
      "descricao": "Lorem ipsum dolor sit amet, consectetur adipiscing elit. Mauris vehicula neque sit amet bibendum ultrices. Integer quis efficitur ligula. Praesent sed nisl ac ante cursus pellentesque non et nulla."
    },
    {
      "id": 8,
      "nome": "Playstation 5",
      "img": "assets/images/consoles.png",
      "valor": 600000,
      "setor": "Games",
      "descricao": "Lorem ipsum dolor sit amet, consectetur adipiscing elit. Mauris vehicula neque sit amet bibendum ultrices. Integer quis efficitur ligula. Praesent sed nisl ac ante cursus pellentesque non et nulla."
    },
    {
      "id": 9,
      "nome": "Xbox series X",
      "img": "assets/images/consoles.png",
      "valor": 600000,
      "setor": "Games",
      "descricao": "Lorem ipsum dolor sit amet, consectetur adipiscing elit. Mauris vehicula neque sit amet bibendum ultrices. Integer quis efficitur ligula. Praesent sed nisl ac ante cursus pellentesque non et nulla."
    },
    {
      "id": 10,
      "nome": "Tv LG 55 4K",
      "img": "assets/images/eletros.jpg",
      "valor": 200000,
      "setor": "Eletro",
      "descricao": "Lorem ipsum dolor sit amet, consectetur adipiscing elit. Mauris vehicula neque sit amet bibendum ultrices. Integer quis efficitur ligula. Praesent sed nisl ac ante cursus pellentesque non et nulla."
    },
    {
      "id": 11,
      "nome": "Xbox series S",
      "img": "assets/images/consoles.png",
      "valor": 50000,
      "setor": "Games",
      "descricao": "Lorem ipsum dolor sit amet, consectetur adipiscing elit. Mauris vehicula neque sit amet bibendum ultrices. Integer quis efficitur ligula. Praesent sed nisl ac ante cursus pellentesque non et nulla."
    },
    {
      "id": 12,
      "nome": "KOF XV",
      "img": "assets/images/consoles.png",
      "valor": 5000,
      "setor": "Games",
      "descricao": "Lorem ipsum dolor sit amet, consectetur adipiscing elit. Mauris vehicula neque sit amet bibendum ultrices. Integer quis efficitur ligula. Praesent sed nisl ac ante cursus pellentesque non et nulla."
    }
  ],
  "profile": [
    {
      "email": "cristiano@cristiano.com.br",
      "cpf": "35833311122",
      "endereco": [
        {
          "rua": "Rua dos anjos",
          "numero": 22,
          "bairro": "Jardim do céu",
          "cidade": "Itaquaquecetuba",
          "uf": "São Paulo",
          "cep": "08577888"
        }
      ],
      "id": 1,
      "saldo": 0,
      "produtos": []
    },
    {
      "email": "chrisorochi_1331@hotmail.com",
      "cpf": "02315745845",
      "endereco": [
        {
          "rua": "Rua nova",
          "numero": 99,
          "bairro": "Cidade Jardim",
          "cidade": "Itaquaquecetuba",
          "uf": "SP",
          "cep": "08598300"
        }
      ],
      "id": 2,
      "saldo": 60000,
      "produtos": [
        {
          "id": 4,
          "nome": "AirFryer",
          "valor": 90000,
          "data": "2021-05-22T20:56:52.675Z"
        }
      ]
    }
  ]
}